abaca,122906
aback,1142546
abaft,187449
abase,127297
abate,1272889
abbas,1239663
abbey,8316990
abbot,5634545
abeam,123376
abhor,723214
abide,4229539
abies,398905
abler,345470
abode,4722776
abord,363131
abort,853417
about,1070877995
above,257260161
abram,1299266
abuse,28339218
abuts,178276
abyss,2779852
accra,859449
ached,1291932
aches,1010975
acids,21337226
acini,255363
acker,284250
acorn,850525
acres,21472072
acrid,840485
actas,133423
acted,22267455
actin,1652624
acton,1119928
actor,14665285
actus,426158
acute,32380814
adage,891027
adapt,7851141
added,104772904
adder,852934
adept,2118817
adieu,1636185
adios,130401
admin,1107030
admit,27459942
adobe,2280813
adopt,19151294
adore,1686074
adorn,1776238
adown,111005
adult,43521833
adzes,181465
aedes,349378
aegis,980521
aeons,280302
affix,823020
afire,457195
afoot,937045
afore,929596
afoul,314198
after,802220137
again,326183679
agama,166027
agape,662298
agate,747979
agave,317517
agent,51554982
agers,438112
agger,119997
aggie,317271
agile,1166639
aging,11382198
aglow,392687
agony,6071712
agora,577285
agree,41668821
ahead,34510196
ahold,118168
aided,9050568
aider,161898
aides,2400387
ailed,169292
aimed,16461751
aimer,154539
aired,1142734
aisle,3305523
akita,139547
alack,146720
alamo,748336
aland,248705
alarm,12832839
alata,113827
albee,359007
album,4805424
alder,1115251
aleck,233549
aleph,215430
alert,9854008
algae,3999264
algal,1187843
alias,2274572
alibi,905330
alick,133332
alien,12651356
align,2289378
alike,19941320
aline,382740
alios,216114
alive,29844303
aliya,120377
alkyd,185503
alkyl,1260496
allan,5144845
allay,1251846
allee,267585
allen,19792865
aller,799130
alley,4458120
allin,110536
allis,331064
allot,486085
allow,74009167
alloy,6590817
allyl,276958
aloes,417638
aloft,2273127
aloha,296131
alone,122890524
along,186532177
aloof,2680033
aloud,8474609
alpha,10167549
altar,12853605
alter,16274358
altho,490504
altos,353429
alvar,284206
alway,283933
amain,110163
amari,102679
amaro,110507
amass,473568
amaze,463487
amber,3412942
ambit,496201
amble,178793
ambos,124354
ameba,119650
ameer,319521
amend,4291910
amici,247643
amide,802408
amido,101209
amiga,105971
amigo,301135
amine,1418178
amino,14188976
amirs,179952
amiss,1578035
amity,1165974
amman,749454
ammon,595194
among,321351351
amore,641667
amour,1500816
ample,11254352
amply,3093180
amrit,162546
amuck,113991
amuse,2478592
ancon,110426
anent,271316
angas,109868
angel,15064920
anger,25716718
angle,39229069
anglo,15602552
angry,22478441
angst,514574
anima,1261703
anime,177381
animi,237134
anion,1828487
anise,350149
anker,171023
ankle,4689003
annal,196428
annan,480423
annas,690023
annex,3859734
annoy,1174521
annul,753533
annum,6047900
annus,208071
anode,3209427
antar,124998
antes,467139
antic,232242
antis,119882
anvil,1222943
aorta,3692007
apace,806035
apart,48518165
apgar,224120
aphid,646355
aphis,310114
aping,190573
apnea,933324
appel,581090
apple,13260965
apply,58019012
appro,169777
appui,129537
apres,955988
apron,2680306
apses,161633
apter,243684
aptly,2230497
aquae,197295
arbor,4489019
archi,164911
arcos,136866
arcus,150722
ardor,1429146
areal,756657
areas,134941395
areca,192814
arena,7678179
arete,236697
argon,1843862
argot,203839
argue,22990660
argus,1072293
arhat,122165
arias,971764
ariel,1383183
arise,30283204
arish,120818
arles,349818
armed,32356907
armor,3981599
aroma,1672991
arose,19167926
arras,850267
array,17850251
arret,104030
arrow,12065656
arson,1111080
arter,210923
artis,250319
asana,143536
ascot,288910
ascus,150482
ashen,493137
ashes,7234290
aside,33829618
asked,173745399
askew,563564
aspen,1559597
asper,113737
aspic,119287
assai,171813
assam,3119468
assay,5663388
assed,124532
asses,1216003
asset,13627390
assez,551098
aster,964152
astir,276460
asura,156737
atlas,5616199
atman,877437
atmos,386719
atoll,626997
atoms,18502115
atone,933247
atony,186407
atopy,123220
atria,532645
attar,215922
atter,104399
attic,3690578
audio,7930371
audit,8627218
augen,245798
auger,1058428
aught,1630321
augur,398727
aunts,1582811
aunty,337193
aural,936952
auras,189228
auric,126983
aurum,152348
autos,708416
auxin,649337
avail,6142221
avant,3460899
avers,370517
avert,2351502
avian,1255026
avoid,60713817
avows,181375
await,4573787
awake,9037710
award,16210691
aware,51535555
awash,465201
aways,100783
awful,10752278
awoke,3659085
axial,6156316
axils,212513
axiom,2490803
axles,673435
axons,1891060
ayres,1211635
azide,264171
azote,142830
azure,1238841
babel,1337741
babes,957553
baboo,109488
backs,7184259
bacon,11675003
badge,2769779
badly,15561385
bagel,244177
baggy,591371
baile,156926
bairn,187394
baits,506946
baize,210718
bajra,150485
baked,4751119
baker,13610150
bakes,187768
baldy,201392
baled,163943
bales,2082350
balks,134134
ballo,103536
balls,9096497
bally,293282
balmy,609168
balsa,227260
bambi,187264
banal,932722
banco,1115098
banda,804060
bands,17177728
bandy,290586
banes,106300
bangs,724332
banjo,750070
banks,48921307
banns,258890
bantu,1818125
barbe,267943
barbs,480745
barca,228440
bardo,187219
bards,908185
bared,816872
bares,119776
barge,2435689
barks,782033
barns,1752022
baron,10249261
barra,362413
barre,1151798
barro,283567
barry,7016480
basal,8299431
based,197020666
baser,485726
bases,16760032
basha,109598
basho,184213
basic,102960618
basil,4988764
basin,16959793
basis,123422191
bason,151242
basse,392121
bassi,163159
basso,540059
basta,176473
baste,320654
basti,121993
batch,5599626
bated,220061
bates,3192036
bathe,1892806
baths,5039928
batik,273500
baton,2307501
batts,108399
batty,225427
bawdy,453481
bayer,856878
bayes,751740
bayle,631152
bayou,860372
bazar,637043
beach,24580676
beads,6042481
beady,231095
beaks,660728
beals,251964
beams,8738584
beans,9316462
beard,8236096
beare,334975
bears,18032657
beast,9390033
beats,4983448
beaty,124589
beaux,1283523
bebop,205719
beech,2233369
beefy,197204
beeps,130808
beers,1480199
beery,142725
beets,1282512
befit,150125
began,163262683
begat,411589
beget,786795
begin,69317502
begot,383840
begum,481051
begun,33448079
beige,1013824
being,616194541
beira,238150
belay,170541
belch,220681
belie,450165
belle,4058114
belli,593458
bello,967447
bells,7263949
belly,6899376
below,122666600
belts,3953719
bench,12008161
bends,2509627
benes,492353
benet,363355
benne,101559
benny,1655616
bento,104241
bents,166159
beret,386546
bergs,170796
berks,433023
berry,5375049
berth,1484769
beryl,778651
beset,2966759
betas,218630
betel,656548
beton,122009
betty,5946972
bevan,765720
bevel,955502
bever,140979
bezel,105350
bhava,207127
bible,34828174
biddy,368617
bided,134803
bifid,219876
biggs,547373
bight,693261
bigot,514849
bijou,197172
biker,226419
bikes,885720
bilbo,213093
bilge,366239
bills,19457618
billy,9029893
bimbo,126470
binds,3750940
binge,791698
bingo,759601
biome,216143
biota,497177
biped,182100
birch,4261347
birds,38724537
birks,191401
birth,57685653
bison,1438624
bitch,3072688
bites,2391137
bitte,120612
bitty,100446
black,181542099
blade,9861954
blain,126911
blame,15906056
blanc,2057404
bland,2599377
blank,14029903
blare,237863
blase,258518
blast,7319081
blatt,291020
blaze,2987473
bleak,3049804
bleat,162978
blebs,150559
bleed,2032003
blend,5924257
bless,7260645
blest,1140060
blimp,149162
blind,25722674
bling,104908
blink,1248124
bliss,5649471
blitz,648869
bloat,156049
blobs,301635
block,43360201
blocs,982570
blogs,336484
bloke,413530
blond,3501007
blood,143765938
bloom,7959254
blots,508302
blown,7900039
blows,6966288
bluer,179884
blues,5775264
bluff,3530192
blume,373484
blunt,4887214
blurb,170236
blurs,378434
blurt,198118
blush,2652137
board,117325679
boars,454458
boast,4726878
boats,18117641
bobby,4445306
bocca,141125
boche,227176
boded,165474
bodes,141397
bodhi,287357
boers,1791160
boeuf,183409
bogan,164626
bogey,365600
boggy,361086
bogie,247430
bogle,234396
bogue,284789
bogus,861030
boils,1535160
boles,285899
bolls,258223
bolts,4013410
bolus,945979
bombs,5584972
bonds,28678295
boned,546261
boner,104496
bones,23632884
boney,127092
bongo,221244
bonne,841655
bonny,640313
bonum,551548
bonus,5065922
boobs,140810
booby,513361
booed,156282
books,128685076
booms,814745
boons,187980
boors,159105
boost,3376836
booth,6535486
boots,9771399
booty,1896891
booze,762940
borax,887291
borde,133314
bored,5352452
borel,249775
borer,655503
bores,699351
borgo,289151
boric,682087
borne,16334570
boron,1912172
bosom,6554474
boson,281859
bossy,344509
bosun,139624
botts,117977
bough,1161439
boule,267473
bound,55126998
bourg,297183
bourn,147816
bouse,236356
bouts,1114562
bowed,6449114
bowel,5973462
bower,1840938
bowes,525145
bowie,1063036
bowls,3457106
bowne,126779
boxed,923361
boxer,1658134
boxes,15013629
boyar,160843
brace,4917128
brack,225956
bract,153360
braes,121012
brags,119730
braid,1302152
brain,59381487
brake,4685005
brand,14697117
brane,126156
brant,911718
brash,580768
brass,11292766
brats,216452
brava,149459
brave,14446674
bravo,1231538
brawl,567157
brawn,285765
bread,29875488
break,53238563
bream,353996
brede,116917
breed,8295632
brent,1688570
breve,474889
brews,175301
briar,434601
bribe,2063736
brick,14325995
bride,11377828
brief,46999908
brier,253653
brigs,241162
brill,1409267
brims,155626
brine,1795307
bring,105435509
brink,2952190
briny,155779
brisk,2558107
brits,195707
britt,445326
broad,51818891
broch,212118
brock,1794328
broil,335890
broke,31638358
brome,266582
bromo,213621
brood,2779461
brook,5900289
broom,2290048
broth,2865641
brown,75023376
brows,2322237
bruck,186263
bruin,246574
bruit,360934
brule,214565
brunt,1340315
brush,13361881
brute,3701519
bubba,272964
bucks,2263988
buddy,2930914
budge,1165620
buena,788735
buffa,116156
buffs,332941
buffy,520523
buggy,1382639
bugle,893643
build,45266402
built,88977072
bulbs,2972611
bulge,1452261
bulks,131994
bulky,2169059
bulla,347873
bulls,2985133
bully,1848248
bumps,1075828
bumpy,482311
bunce,199423
bunch,6463578
bunds,125418
bundy,826011
bunks,562947
bunny,1123206
buoys,589619
buret,153412
burgh,1217337
burin,205885
burke,8338568
burks,208208
burly,929742
burns,10996964
burnt,9446462
burra,123616
burro,303419
burrs,270223
bursa,819254
burst,15728657
busby,394275
buses,4213326
bushy,1266451
busts,888007
butch,861250
butte,1172237
butts,1242912
butyl,990885
buxom,285155
buyer,12188853
bwana,156805
bylaw,262120
bytes,3170191
byway,166749
cabal,576908
cabby,117150
cabin,11761477
cable,17056686
cacao,915051
cache,3681913
cacti,455854
caddy,392075
cadet,1493412
cadre,1676973
caeca,121167
cafes,1560559
caffe,106791
caged,781805
cages,1776307
caird,298411
cairn,659134
cajon,109560
cajun,365391
caked,371776
cakes,4102887
calif,864749
calla,183438
calle,1086710
calls,44359360
calms,511309
calve,141167
calyx,1065860
camas,128560
camel,3717452
cameo,502971
campi,142884
campo,1357088
camps,11610419
camus,1203309
canal,25331536
candy,4882740
caned,127714
canes,1238295
canna,312194
canny,487603
canoe,5715254
canon,9970598
canst,1205265
canto,1718439
caper,353677
capes,676385
capon,244018
capri,484517
caput,572381
carat,330485
carbo,313368
carbs,152966
cards,22560355
cared,9462174
carer,330286
cares,6305971
caret,215173
carex,305017
cargo,10424266
carle,238071
carne,377219
carob,179259
carol,6253011
caron,454904
carpe,102913
carpi,553308
carry,67589761
carse,103219
carta,1173043
carte,1260341
carts,3012833
carve,1459317
casas,1291785
casco,171337
cased,409790
cases,207684567
casks,975230
caste,10986558
casts,4203203
casus,283742
catch,24966916
cater,1523233
cates,270534
catty,161797
cauda,332830
caulk,135462
causa,1426209
cause,162187677
caved,346353
caves,4730454
cavil,326777
cease,13784362
cecal,125870
cecum,421209
cedar,4571034
ceded,2031022
cedes,138089
ceiba,122236
cella,331469
cello,1171025
cells,111296827
celts,1189405
cento,323049
cents,15029217
ceres,752148
cesse,133911
chace,329516
chaco,690491
chafe,426620
chaff,1165015
chain,35984375
chair,37536211
chalk,4945305
champ,959172
chang,4990776
chant,3037901
chaos,9799348
chaps,2206976
chapt,216066
chara,181628
chard,373049
charm,11269539
chars,167626
chart,21039626
chary,263757
chase,11242373
chasm,1648816
chats,487697
cheap,14265871
cheat,2334402
check,53673380
cheek,9732594
cheer,4603237
chefs,752773
cheka,213381
chela,177476
chemo,250249
chere,186151
chert,1008040
chess,3552320
chest,26270816
chevy,615784
chews,233827
chewy,139578
chiao,306412
chiba,286745
chica,154530
chick,2945753
chico,749655
chide,308465
chief,104936898
child,214513506
chile,8693575
chili,1785656
chill,4831407
chime,570172
chimp,215331
china,82354191
chine,619950
ching,2253380
chink,486429
chino,252198
chins,436776
chips,5593605
chirp,397337
chock,274423
choir,6013515
choke,1826281
chola,356435
chops,1061738
chord,4804404
chore,920369
chose,20936822
chota,188569
chowk,100643
chuck,2978119
chump,106998
chums,290700
chunk,1437558
churl,134705
churn,641460
chuse,487879
chute,1167693
chyle,284587
chyme,199884
cider,1540430
cigar,3877425
cilia,1195110
cinch,262345
circa,2568904
cirri,200037
cisco,1243411
cissy,246511
cited,29742713
cites,4277040
civet,170272
civic,10351714
civil,90893209
clack,288769
clade,196180
claes,261416
claim,71229695
clair,1968156
clamp,2457696
clams,1071340
clang,532944
clank,212461
clans,2903883
claps,293172
claro,191654
clary,273860
clash,4447194
clasp,1497672
class,193633305
clast,101809
clave,149772
claws,2923988
clays,2680443
clean,35450708
clear,155451094
cleat,212598
cleft,3382900
clerk,18355222
cleve,420823
clews,139110
click,25268981
cliff,7274852
clift,236914
climb,9842727
clime,590251
cline,743236
cling,3131565
clink,352668
clint,921308
clips,2117597
cloak,5223491
clock,15675780
clods,364528
clogs,383090
clone,1682473
close,144027294
cloth,27337033
clots,831605
cloud,18024803
clout,954548
clove,969130
clown,2130822
cloze,189119
clubs,12489498
cluck,175306
clues,4801504
clump,1397039
clung,4118829
coach,12021372
coals,3259211
coast,54258062
coats,5768322
cobbs,115542
coble,117328
cobra,1140117
cocci,428126
cocks,1300491
cocky,451791
cocoa,3692610
cocos,232899
codec,231919
coded,4304768
coder,355017
codes,13446661
codex,1862037
codon,755868
cohen,9007672
coils,4432651
coins,9807845
cokes,215021
colas,208385
colby,978062
colds,1166292
coles,924950
coley,193972
colic,1356190
colin,4323829
colle,207536
colls,145708
colon,6643839
color,69334092
colts,550448
comas,125339
combe,611309
combo,540893
combs,1549692
comer,1715129
comes,91173579
comet,3066347
comfy,163209
comic,8946954
comma,2254652
comme,4629859
compo,140708
comps,170684
compt,466882
comte,3776089
comus,367149
conch,710188
condo,512875
cones,3272614
coney,551348
congo,5274461
conic,665352
conte,834840
conto,125967
conus,334175
cooch,116191
cooed,217420
cooks,2350475
cools,984027
coons,263724
coops,220643
coots,120849
copal,240850
coped,468444
copes,294541
copra,593490
copse,447369
coral,5703555
coram,472694
corby,163921
corda,157331
cords,3693392
cored,392401
cores,2974581
corey,884668
corks,364643
corky,258338
corms,143472
corns,401733
cornu,313522
corny,331788
corps,23497049
corse,287626
corso,645930
costa,6064994
coste,213906
costs,85952250
cotes,333365
cotta,1134235
couch,5997800
cough,5632779
could,886891028
count,42657594
coupe,629337
coups,775365
cours,1276534
court,235765991
coven,227761
cover,61094511
coves,351221
covet,662926
covey,468769
cowan,1167867
cowed,515509
cower,204285
coxae,215649
coxal,120375
coyly,220323
crabs,1818114
crack,11156612
craft,14251853
crags,804126
craig,5401590
cramp,829871
crane,5664326
crank,2653961
crape,278364
craps,203197
crash,6995312
crass,554228
crate,1010186
crave,1180146
crawl,2870279
craze,959407
crazy,10449290
creak,533673
cream,15831141
credo,1016619
creed,8098183
creek,20108446
creel,407319
creep,4904581
crees,161657
creme,437127
crepe,635443
crept,4360931
cress,386614
crest,6759353
crewe,601832
crews,4704720
cribs,324145
crick,733984
cried,25859626
crier,373091
cries,9051102
crime,44691757
crimp,298539
crise,293372
crisp,3446830
criss,481722
croak,318449
crock,325808
croft,993758
crome,120710
crone,433168
crony,215390
crook,2094624
croon,111527
crops,22389614
crore,708343
cross,92631653
croup,862269
crowd,27183445
crown,41604115
crows,1783670
crude,13126985
cruel,13406017
crumb,642047
crump,407835
crura,209051
cruse,252032
crush,4435089
crust,6169166
crypt,1121866
cubby,119622
cubed,232724
cubes,2177915
cubic,9179669
cubit,299557
cuddy,129219
cuffs,1051116
culex,255045
culls,103823
cully,103095
culms,128238
culpa,305155
cults,2282165
culty,121914
cumin,480670
cupid,1273097
curbs,468689
curds,334131
cured,6564857
cures,2576068
curia,1015045
curie,1176512
curio,343131
curls,2352527
curly,2241053
curry,2272093
curse,7602708
curve,39528834
cusps,671582
cutch,138516
cutis,289566
cutty,100859
cyber,648486
cycle,40130390
cyclo,153089
cynic,745943
cysts,3290921
czars,207458
dacha,145156
daddy,6500138
daffy,109476
daily,74143745
dairy,7954162
daisy,2940945
dales,423437
dalle,268928
dally,435833
daman,191134
dames,912859
damme,159322
damns,105021
damps,151423
dance,31951446
dancy,111461
danda,134609
dandy,1178718
danny,3517605
danse,312442
darcy,1379274
dared,7845968
dares,1507044
darks,120387
darky,113246
darts,1268977
dated,21576323
dates,19038522
datos,185664
datum,1963796
daunt,223968
dawns,493544
dayal,229655
dayan,455589
dazed,1497967
deals,14755950
dealt,19853235
deans,1064035
deare,176723
dears,263132
death,214241154
debar,212667
debby,181341
debit,2294024
debts,13216334
debug,920884
debut,2089023
debye,636482
decal,106703
decay,14039469
decks,2497596
decor,1435051
decoy,620016
decry,390461
deeds,13060935
deems,1532760
deeps,408344
deere,470376
defer,2099049
degas,657604
deify,111358
deign,463848
deism,539438
deist,296103
deity,8575881
delay,27693078
delft,833282
della,7608985
dells,192906
delos,520577
delta,10205323
delve,692156
demes,123796
demon,4443741
demos,694789
demur,413692
denim,543559
denis,3273706
dense,12484014
dente,135319
dents,545776
deoxy,190676
depot,3956170
depth,40927274
derby,3534991
dered,215197
derry,780775
desks,2062709
deter,3048687
detox,123404
deuce,521741
devas,387476
devel,367411
devil,18459645
devon,2414369
dewan,461484
dewar,518532
dhoti,144728
dhows,103798
dials,732968
diana,5579565
diane,3000268
diary,14270714
diazo,215798
diced,832408
dicey,466888
dicks,203568
dicky,335408
dicta,830319
dicto,190553
didst,1523593
diels,238266
diene,173728
diets,4044975
digit,4498478
dikes,1014564
dildo,112799
dilly,219588
dimer,757480
dimes,496071
dimly,2542994
dinar,239933
dined,3103071
diner,948288
dines,297402
dinge,165349
dingo,192667
dingy,1125288
dinky,134094
dinna,223005
diode,3161883
dirge,478948
dirks,207856
dirty,12284107
disco,837324
discs,2888643
disks,3871516
ditch,5075069
dites,146389
ditto,3342851
ditty,325770
divan,754468
dived,1007008
diver,1494524
dives,1019423
diwan,434276
dixie,1186501
dixit,441380
dizzy,1981179
dobie,214029
doble,126130
docks,2830150
dodge,3724284
doers,645711
doest,192141
doeth,473834
doges,116593
doggy,148516
dogma,4033290
doing,109588230
dolce,382558
doled,232007
doles,195633
dolls,2742764
dolly,1944543
dolor,255331
domed,858421
domes,1626386
donee,857493
donna,3406924
donne,2919373
donny,267834
donor,7982240
donut,222503
doody,110511
dooms,194084
doors,24295894
doped,1428177
dopey,108256
doric,975040
doris,2355613
dorje,148646
dorms,266455
dosed,300906
doses,11817504
doted,184444
dotty,208591
doubt,86837636
douce,332964
dough,3747874
douse,136120
dover,3892113
doves,1350252
dowdy,239828
dowel,513812
dower,1377670
dowie,139854
downs,3680527
downy,775695
dowry,2100981
doyen,222264
dozed,620488
dozen,20456803
dozer,106518
draco,243206
draft,20577344
drags,862341
drain,9409107
drake,4348085
drama,23600765
drams,306969
drank,7981023
drape,524328
drawl,398909
drawn,64897953
draws,10937591
drays,123431
dread,7501061
dream,38843330
drear,218468
dregs,725098
dress,31215942
drest,169573
dried,16608560
drier,1487316
dries,1114919
drift,10153594
drill,8686339
drily,389613
drink,33706355
drips,418325
drive,50557448
droit,2703587
droll,590986
drome,100686
drone,875557
drool,161195
droop,654187
drops,13098206
dropt,221702
dross,533039
drove,20910390
drown,2086945
drugs,35996062
druid,495565
drums,5025494
drunk,10674095
druse,132763
dryad,111869
dryas,149602
dryer,1271770
dryly,860710
ducal,876378
ducat,182442
duces,252109
duchy,1998754
ducks,3669415
ducts,3586866
dudes,212527
duels,563532
duets,368019
dukes,2125818
dulce,321733
dulls,132199
dully,422484
dumas,1519667
dummy,2970802
dumps,968092
dumpy,185670
dunce,265746
dunes,2450198
dunno,385030
duomo,492584
duped,625177
dupes,420203
duple,163191
dural,483180
duras,296412
duroc,135882
durst,912518
durum,217826
dusky,1700399
dusts,497643
dusty,4165264
dutch,28391120
duvet,116117
dwarf,3808810
dwell,8147371
dwelt,4367654
dyads,472531
dyers,347467
dying,22424339
dykes,1052230
dynes,330296
eager,15142911
eagle,9119843
eared,689440
earls,1562746
early,262989441
earns,1599558
earth,121334649
eased,2922368
easel,845517
eases,741166
eaten,11098986
eater,1161877
eatin,123895
eaves,1226731
ebbed,405834
ebene,119060
ebony,1247921
ebook,167166
eclat,221921
ecole,1542180
edema,4725449
edged,3815945
edges,16322057
edict,3262932
edify,224601
edits,542795
eerie,1276884
egged,196921
egger,150350
egret,246661
eider,256492
eidos,130833
eight,81515476
eject,631549
ejido,250025
eking,129702
eland,275117
elate,117396
elbow,7206678
elder,13937577
elect,8500335
elegy,1313350
elfin,249708
elite,13832229
elope,189489
elude,1115748
elute,154069
elves,677154
emacs,203752
email,4100027
embed,553522
ember,374726
emend,110404
emerg,247430
emery,1676125
emirs,245530
emits,1024313
emmer,133703
emmet,684139
empty,32665681
enact,2744624
ended,32883432
ender,167253
endow,997604
enema,864289
enemy,63490658
eniac,134058
enjoy,32845122
ennui,607076
enrol,315405
ensue,2050878
enter,61810749
entre,4134844
entry,38732873
enure,108693
envoi,128036
envoy,2802633
eosin,565275
ephod,122918
epics,1157236
epoch,6625576
epoxy,1571745
equal,103238744
equip,1887839
erase,2135412
erect,8005129
ergot,521001
erica,893742
erick,150187
ering,124248
erode,947815
erred,1478254
error,56750399
erupt,747148
esker,105273
essay,25601356
esses,104240
ester,2347425
etats,715111
ether,7577241
ethic,4014173
ethos,2767343
ethyl,2981883
etude,1160760
euros,367099
evade,2375305
evens,129642
event,69296813
evert,337321
every,393306866
evict,313733
evils,9446359
evoke,3089061
ewers,170274
exact,30097041
exalt,1177917
exams,2187687
excel,5041942
exert,7707510
exile,10959257
exist,60331721
exits,1721053
exons,325711
expel,2020329
expos,141553
extol,503736
extra,33362107
exude,294265
exult,347964
eying,128917
eyrie,161256
fable,3165434
faced,28462817
faces,28435004
facet,2504036
facie,2326803
facta,391607
facto,4292551
facts,69361489
faded,6670945
fader,193613
fades,1582079
faery,278787
fagin,198249
fagot,118692
fails,16094970
faint,11272015
faire,4601195
fairs,2350620
fairy,7320033
faith,91679190
faked,449097
fakes,287038
fakir,264840
falls,31738357
false,46927953
famed,2250673
fames,180861
fancy,16367760
fangs,888335
fanny,4345787
fanon,718154
farad,139441
farce,2304656
fared,1636360
fares,2275534
farms,16498274
farts,128827
fasti,303318
fasts,668533
fatal,16844795
fated,1826477
fates,1383210
fatty,8865081
fatwa,161938
fault,25427721
fauna,4467760
fauns,131053
faute,188515
favor,33056700
fawns,249803
faxed,194041
faxes,309097
fayre,137846
feare,343530
fears,17721106
feast,11068230
feats,1842155
fecal,1464523
feces,1834710
fecit,339203
fedex,207661
feeds,4394995
feels,22461035
feign,483215
feint,408896
feist,123650
felix,5382524
fella,503191
fells,330587
felon,607122
felts,185233
femme,1397259
femur,2295781
fence,9896836
feral,534620
feria,190779
fermi,1866083
ferns,2200453
ferry,6420911
festa,241739
fetal,7921203
fetch,4683692
feted,239819
fetes,367712
fetid,535812
fetus,4826636
feuds,1167839
fever,23877884
fewer,19359650
fiber,14200359
fibre,6293722
fibro,317511
fiche,167029
ficus,375684
fides,730557
fiefs,613213
field,176569485
fiend,1024631
fieri,450860
fiery,5058505
fifes,131744
fifth,36788809
fifty,47736764
fight,48287538
filed,15160559
filer,214405
files,27148162
filet,266937
filii,197902
fille,454841
fills,5522358
filly,304016
films,24359017
filmy,289769
filth,2009010
final,96624825
finca,149180
finch,1825541
finds,32668786
fined,2366184
finer,5942948
fines,4544904
finis,493625
finny,135997
fiord,278928
fired,16625562
fires,11336907
firma,446855
firms,38125994
first,923189150
firth,1224159
fishy,374416
fists,2578186
fitch,1247240
fitly,603702
fitts,172157
fiver,114139
fives,541415
fixed,70927704
fixer,358217
fixes,1983817
fjord,693049
flack,237750
flags,5375128
flail,397152
flair,1073168
flake,1293991
flaky,321387
flame,14826229
flank,5720228
flaps,1953983
flare,2259444
flash,11642588
flask,4165873
flats,3729261
flava,102304
flaws,2502855
fleas,1165016
fleck,328049
flees,596311
fleet,23140758
flesh,25813888
fleur,708705
flick,969189
flier,372144
flies,9577618
fling,1635782
flint,5198581
flips,353845
flirt,677002
flits,169486
float,6765249
flock,6426243
floes,351034
flood,15713569
floor,64500064
flops,573551
flora,6946078
flore,255342
flory,300957
floss,632139
flour,11697169
flout,250164
flown,3444268
flows,20652698
flues,547165
fluff,413077
fluid,37084285
fluke,536141
flume,412116
flung,6116128
flunk,106464
fluor,230109
flush,4534121
flute,3583943
flyer,880937
foals,339387
foams,519982
foamy,314156
focal,8611836
focus,56401617
foggy,921229
foils,571398
foist,162944
folds,5975908
foley,1606549
folia,500130
folic,1066387
folie,247991
folio,3581655
folks,8277725
folly,7823469
fonda,544283
fonds,518939
fonts,1762619
foods,19114030
fools,4007013
foots,103185
foray,590780
forbs,121600
force,179566043
fords,579345
forel,161979
forex,112512
forge,3610405
forgo,757265
forks,2294459
forma,1956459
forme,1455513
forms,136468034
forte,1511884
forth,60949516
forts,4602384
forty,45401260
forum,10956938
forza,184944
fossa,2333659
fosse,508701
foule,174146
fouls,238291
found,436617767
fount,599320
fours,1196101
fovea,479020
fowls,1791409
foxes,1869874
foyer,1107463
foyle,158290
frail,3282666
frais,264332
frame,38645040
franc,1862546
frank,34023929
frate,108829
fraud,10825680
freak,1328817
freed,8562060
freer,2229172
frees,1044049
freon,256726
frere,788222
fresh,50740037
frets,296280
friar,2430774
fried,4075942
fries,1302467
frill,252589
frisk,227333
frist,106648
frith,697398
frits,121521
fritz,3257747
frock,1290486
frogs,2983982
fromm,891849
frond,397288
frons,135425
front,114244970
frost,8548060
froth,837309
frown,2374944
froze,1982394
fruit,36756104
fryer,468324
fucus,172384
fudge,647486
fuels,4256162
fugal,147352
fugue,1109624
fully,72304884
fumed,419325
fumes,2371783
funda,115978
fundi,128208
funds,46652294
fundy,284961
fungi,4967504
funky,315810
funny,9983033
furor,536526
furry,643848
furth,264752
furze,290206
fused,4325646
fuses,1268962
fussy,644378
futon,102138
fuzzy,4437618
gabby,220954
gable,1520082
gaddi,162119
gaged,106666
gages,604308
gaily,1522914
gains,17919800
gaits,140384
galea,122948
gales,1038661
galls,577023
gamba,218076
gamer,125284
games,24700961
gamma,6114816
gamut,1063864
gandy,150909
gangs,3073164
ganja,144424
gaols,242559
gaped,495908
garbo,386433
garda,275917
garde,2717745
garni,111280
garth,1037516
gases,12902093
gasps,553870
gated,887621
gates,16064666
gator,180249
gaudy,1141969
gauge,8181352
gault,348464
gaunt,1914638
gauss,1382546
gauze,2221423
gauzy,170144
gavel,335852
gawky,126818
gayer,254989
gayly,335353
gazed,5572305
gazer,107180
gazes,781958
gears,2567646
gecko,169700
geeks,103625
geese,2737354
geist,653935
gemma,471994
genes,15997430
genet,2762642
genie,818759
genii,444878
genio,114956
genoa,2828396
genom,122772
genre,8212772
gents,301162
genus,10703876
geoid,172225
germs,2826850
gesso,200551
geste,286767
geyer,305649
ghats,338966
ghazi,249254
ghost,13054588
ghoul,139669
giant,15857559
gibes,156726
giddy,1147520
gifts,19551790
gigas,184515
gilds,428797
gills,1577914
gilly,234545
gilts,158525
gimme,301974
ginny,704813
gipsy,713497
girls,55618263
giron,116795
girth,897660
given,370958373
giver,2104692
gives,93485484
glace,266974
glade,692049
gland,9864406
glans,493970
glare,3414354
glass,64025067
glaze,2284804
gleam,2583024
glean,560538
glebe,422331
glens,484284
glial,817227
glide,2109716
glint,749962
gloat,217757
globe,12624980
gloom,4835298
glory,29640696
gloss,2325468
glove,2558192
glows,684616
glued,1642118
glues,290253
gluon,194615
glyph,349205
gnats,380011
gnaws,131912
gnome,465283
goads,121963
goals,39150325
goats,4816995
godly,2396682
goers,412235
goest,190242
goeth,581291
going,207111364
golds,150243
golem,231723
golly,221130
gomer,179232
gonad,361360
gongs,335137
gonna,4925995
goods,79809435
goody,715835
gooey,149444
goofy,275428
goold,124873
goons,169396
goose,4255930
gordo,211851
gored,174506
gores,104432
gorge,2910206
gorse,378713
gosse,591636
goths,1361885
gotta,1980091
gouge,468650
gourd,1038475
gouty,546061
gowan,193544
gowns,1634195
graal,172425
grabs,937840
grace,42016481
grade,34186172
grads,155473
graff,404277
graft,5199385
grail,1297280
grain,30342566
grama,224023
grams,6081754
grana,156214
grand,48540791
grano,107262
grant,47605038
grape,3727408
graph,13348857
grasp,13876874
grass,29107972
grata,268727
grate,1696073
grave,27464045
gravy,1015855
grays,633062
graze,1123316
great,557149997
grebe,222946
grece,159948
greed,4093043
greek,54270831
green,84883858
greet,3893412
greve,248417
greys,382187
grice,400616
grids,1402643
grief,14892037
griff,296578
grill,1870172
grime,502694
grimy,650596
grind,2405458
grins,480662
gripe,281673
grips,1846866
grise,100466
grist,745784
grits,553639
groan,1910222
groat,404138
groin,1365931
groom,3313982
grope,480009
gross,27887806
grosz,328748
group,284672959
grout,745473
grove,8164344
growl,960468
grown,38488707
grows,15620031
grubs,523409
gruel,572100
gruff,653500
grund,457342
grunt,875034
guano,627565
guard,33171927
guava,269178
guess,22824411
guest,13818768
guide,49387650
guido,1588119
guild,4814232
guile,715990
guilt,16916578
guise,3943323
gulab,175907
gulag,271011
gular,108034
gulch,660896
gules,272909
gulfs,344019
gulls,1364620
gully,1210995
gulph,199025
gulps,232731
gumbo,258663
gumma,161332
gummy,296744
gunas,253959
gunny,228618
guppy,190055
gurus,668539
gusto,876300
gusts,758991
gusty,258172
gutsy,112206
gutta,505419
guyot,207407
gwine,243055
gypsy,2205778
gyrus,915563
habit,25165696
hacks,395942
hades,1222980
hadji,228255
hadst,434910
hafiz,372581
haiku,492819
hails,345280
hairs,5494515
hairy,2636104
hajji,131971
hakim,660535
haled,137548
hales,727866
halfa,175588
hallo,346559
halls,5997533
halos,313350
halts,587610
halve,247744
hamed,137615
hamel,388520
hamza,199033
hance,113805
hands,140696114
handy,4279244
hangs,3728771
hanks,773734
hanky,155233
hansa,253010
hanse,215753
hants,392660
haply,333747
happy,59164298
haram,257390
hards,125096
hardy,8952833
harem,1236607
hares,937506
harks,169545
harms,1177343
harps,534071
harpy,161426
harry,21112030
harsh,10302541
harts,146887
hasta,825156
haste,6097995
hasty,4239945
hatch,4181121
hated,10604086
hater,445386
hates,2416713
hatha,158792
hauls,424452
haunt,2263617
hause,119689
haute,1188731
havel,442387
haven,11432271
haver,148530
haves,399659
havoc,2198235
hawks,1949011
hazan,104486
hazel,2623779
heads,39129988
heady,1047699
heald,236850
heals,822554
heaps,2682955
heard,121054582
heare,316147
hears,5727402
heart,161254474
heath,5391093
heats,1846657
heave,1197172
heavy,72613321
hecht,632308
hedge,4804780
heeds,145499
heels,6413664
hefty,646659
heigh,127125
heirs,7757227
heist,135045
helix,2353396
hello,5614899
hells,491104
helms,801286
helps,21796407
hence,72980522
henna,246947
henny,179410
henry,81403955
herbs,5363924
herds,4303891
heres,144147
heron,1577365
heros,183642
hertz,1455086
hevea,162062
hewed,292291
hewer,116606
hicks,2503904
hider,270688
hides,4369929
highs,717496
hight,245019
hijab,105802
hijra,132751
hiked,405392
hiker,238095
hikes,567042
hilar,297559
hills,30185486
hilly,1760561
hilts,133558
hilum,327175
hilus,145902
hinds,566239
hinge,2379976
hints,5757195
hippo,588925
hippy,144811
hired,12633416
hirer,205568
hires,921905
hitch,1524072
hiver,155185
hives,952618
hoard,1427072
hoary,811400
hobby,2444728
hocks,194061
hocus,174903
hogan,1643858
hoist,1355784
holds,30017703
holed,479660
holes,17370061
holly,3027758
holme,301091
homed,124864
homer,8228921
homes,28672134
homey,340950
homme,2074322
honan,356057
honda,1134606
honed,539626
hones,153812
honey,11473212
honky,174341
honor,30299052
hooch,142941
hoods,789052
hoofs,1227580
hooks,3621195
hoops,927982
hoots,209507
hoped,27658168
hopes,23139601
horas,168038
horde,1319862
horns,6378501
horny,1003951
horse,57895565
horst,851103
hoses,685396
hosts,7328270
hotel,37503472
hotly,1347076
hough,903762
hound,1923624
hours,119182573
house,316642686
hovel,473064
hover,1129185
howdy,225452
howes,424428
howls,562490
hoyle,457131
huger,181503
hulks,272899
hullo,350921
hulls,836444
human,279027691
humic,677316
humid,2659162
humor,11571621
humph,274977
humps,253048
humus,1464942
hunch,813970
hunks,147515
hunts,1198520
hurls,270534
hurly,180821
hurry,9665193
hurst,1278755
hurts,2559570
husks,614100
husky,1119935
hussy,170417
hutch,371612
hydra,859971
hydro,2030273
hyena,495930
hylas,153852
hymen,510957
hymns,4964527
hyoid,641106
hyped,113199
hyper,1284139
hypha,128639
hythe,141508
icily,176268
icing,904493
icons,2666792
ictal,149000
ideal,45221422
ideas,96892979
idees,220311
ident,172166
idiom,2698615
idiot,2862355
idled,170283
idler,561410
idols,3055275
idyll,550637
igloo,216660
ignis,201897
ileal,358397
ileum,883322
ileus,405184
iliac,2130106
iliad,2033561
ilium,814676
image,83929870
imago,625663
imams,338035
imbue,291821
impel,530831
imply,13501063
inane,390570
inbox,232232
incas,901245
incur,2868538
incus,242522
index,57715744
india,103234898
indie,353686
indol,122107
inept,969097
inert,3641835
infer,5467259
infix,116698
infra,4486090
ingle,282882
ingot,720727
inked,333635
inlay,550245
inlet,5139704
inner,44668216
input,41046336
inset,1235528
intel,1799478
inter,18986494
intra,5727421
intro,934459
inure,182623
iodin,138957
ionic,5196101
irate,626277
irked,309946
irons,2119768
irony,7404403
isles,4205004
islet,1053799
issei,226401
issue,103420145
itchy,367617
items,50843917
ivory,6259901
izard,264823
jacks,1077190
jacky,226154
jaded,610928
jades,106493
jaffa,744807
jager,333750
jagir,173867
jails,1332693
jakes,166657
jalap,114732
jambs,342231
james,102601697
janes,284607
japan,63378888
jaune,144540
jaunt,289931
jawed,260661
jazzy,125510
jeans,3588958
jebel,371281
jeeps,406341
jeers,337378
jeffs,122458
jello,108148
jelly,2914557
jemmy,257346
jenny,4734576
jerks,724571
jerky,674359
jerry,6738370
jesse,4545901
jessy,131655
jests,597670
jesus,78352447
jetty,737658
jeune,766801
jewel,3218924
jibes,162576
jiffy,165458
jihad,1245518
jimmy,7044702
jingo,178150
jinks,197407
jnana,313530
jocks,163887
johns,6261860
joins,4738154
joint,56586193
joist,405593
joked,1040635
joker,483870
jokes,4774371
jolie,207825
jolly,3026136
jolts,197132
jomon,117918
jones,31948987
joram,101845
joule,754459
jours,770509
joust,168893
jowar,191771
jowls,159667
judas,2571859
judge,63704000
juice,11942361
juicy,1028574
jukes,253850
julia,7122651
jumbo,707549
jumps,2566703
jumpy,269479
junco,106698
junks,434870
junta,1797616
junto,363156
jural,177812
juris,864935
juror,1251640
juste,395160
jutes,127782
kafir,287784
kalam,302340
kalpa,169456
kames,226223
kandy,382452
kanji,267642
kapha,134170
kapok,131843
kappa,2167200
kapur,221356
karat,121268
karma,2670600
karoo,195867
karst,538843
kasha,130540
kauri,145392
kayak,460479
keels,259107
keeps,15368407
kells,227248
kelly,8650103
kerns,131418
kerry,1789681
ketch,315871
keyed,1238394
khadi,539248
khaki,1040574
khana,128714
khans,271028
kiang,347297
kicks,1278485
kiddo,115495
kiley,138185
kills,3907560
kilns,953892
kilos,652498
kilts,141713
kinda,728343
kinds,54492074
kings,25212587
kinin,100251
kinks,353772
kinky,266829
kiosk,437886
kirby,1753840
kisan,236137
kitab,358124
kites,641266
kitty,2775135
kivas,154794
klang,144231
klett,129376
kloof,105889
kluge,294676
knack,1003769
knave,807689
knead,391169
kneed,222006
kneel,1652210
knees,15085386
knell,535221
knelt,3179702
knick,141545
knife,15597633
knits,200386
knobs,929580
knock,6600900
knoll,1127168
knoop,106954
knots,4332616
knowe,222163
known,242748318
knows,50729807
koala,159779
kohen,146673
koine,125075
kondo,382894
kopje,121460
koran,2230833
kraal,593719
kraft,1331339
kranz,149703
kraut,252961
krill,261058
krone,196175
kudos,167960
kudzu,114018
kugel,108967
kulak,184141
kutch,230933
kylie,145687
kyrie,246935
label,14529764
labia,626516
labor,108728677
laced,1602086
laces,756370
lacey,1006427
lacks,7016289
laden,6174545
ladle,710452
lager,461957
laird,1958272
lairs,147770
laity,2534804
laker,110824
lakes,14967407
lakhs,1926875
lamas,596508
lambs,2449407
lamed,216905
lames,292855
lamia,229177
lamps,7434585
lanai,147233
lance,4160987
lande,422413
lands,44906756
lanes,3125183
lanky,466229
lapel,396927
lapin,123939
lapis,523561
lapse,4633959
larch,709717
lardy,101456
lares,204356
larga,141730
large,342399659
largo,926641
larks,401223
larva,2665492
laser,13264678
lasso,515243
lasts,4244928
latch,1610972
lated,334088
later,269420608
latex,1943218
lathe,1452800
lathi,102841
laths,261406
latte,161438
latus,147802
laude,356469
lauds,297093
laugh,18161896
laura,8269303
laval,1137588
lavas,756560
laver,338665
laves,117153
lawns,1715846
layed,116328
layer,43318510
lazar,454552
leach,1838050
leads,41158061
leafs,144695
leafy,1645825
leaks,1935324
leaky,825715
leans,1484392
leant,673915
leaps,2149414
leapt,1751637
learn,74450821
leary,639809
lease,14433349
leash,990022
least,219366839
leave,111442661
leben,1392449
leche,205689
ledge,2767157
leech,1184276
leeks,417148
leery,185823
leese,110613
lefty,344858
legal,91243628
leger,840134
leges,436565
legge,699072
leggy,107275
legit,123671
leman,225637
lemma,1565008
lemme,172236
lemon,6348754
lemur,203327
lends,3021870
lento,127883
leone,2655236
leper,872369
lepra,108010
lethe,218693
letty,447704
levee,1054481
level,217515046
lever,6108118
levin,2451565
levis,383682
lewis,25056497
lexis,828058
liana,215905
liang,1451334
liars,799825
libel,3331342
liber,1829411
libor,277020
libra,693034
libre,968374
libri,853645
licet,414602
licht,435930
licit,212262
licks,465021
lidar,201973
liege,1521154
liens,1330162
lieve,172519
lifes,266310
lifts,3025697
light,223142561
ligne,374456
liked,24206558
liken,339769
likes,9285296
lilac,1203707
liman,127031
limbo,905959
limbs,10377546
limed,130334
limes,776195
limit,44392003
limps,106222
linac,117492
lindy,364553
lined,10288248
linen,7532025
liner,2277146
lines,119425686
linga,325236
lingo,483138
links,19838394
linum,105647
linux,2138738
lions,4669261
lipid,5307914
lisle,713215
lists,21589619
litem,261677
liter,3077986
lithe,624990
litho,175519
litre,1467833
lived,74523682
liven,162877
liver,24778974
lives,83154557
livid,870854
livre,1217321
llama,438306
llano,288843
loach,121791
loads,10024459
loams,293617
loamy,415262
loans,22093015
loath,967175
lobar,390633
lobby,5435318
lobed,656816
lobes,3471903
lobos,229072
local,188970118
lochs,213453
locis,181367
locks,4914994
locos,101205
locum,342915
locus,6182769
lodes,328264
lodge,12456493
loess,883232
lofts,249846
lofty,7597562
logan,3942321
logic,32859550
logie,124304
login,1288705
logon,480977
logos,2895694
loins,1216434
lolly,152317
lomas,216595
loner,390911
longa,292157
longe,378897
longs,1173412
looks,41153467
looms,2112528
loons,193619
loony,162136
loops,4965157
loose,22963149
loped,147886
lopes,342843
loran,194781
lords,17772585
lores,101981
loris,145630
lorry,1121044
loser,1511304
loses,8443006
lossy,203038
lotos,200136
lotta,278071
lotte,387297
lotto,247676
lotus,3780478
lough,745113
louie,787138
louis,43549326
louse,681523
lousy,1076579
louts,117322
lovat,273723
loved,37832573
lover,15409946
loves,12028067
lovey,105961
lowed,315597
lower,145218962
lowes,199997
lowly,2227756
lowry,1103582
lowth,190799
loyal,11250383
lucid,2156578
lucky,11017715
lucre,278545
ludic,128456
luger,127957
lulls,199307
lumen,2995603
lumps,1854319
lumpy,560477
lunar,3954480
lunch,16951452
lunge,502718
lungs,11600192
lupin,238158
lupus,1976102
lurch,640652
lured,1422877
lures,673922
lurid,1058317
lurks,638969
lusts,968815
lusty,843867
lutea,363251
lutes,188261
lyase,169058
lycee,275337
lying,32572530
lymph,6279240
lynch,3676837
lyres,102408
lyric,3846615
lysed,212267
lysis,1202472
lysol,113487
lytic,462641
macaw,163115
maces,115092
mache,362944
machi,295201
macho,819521
macon,1332825
macro,6285588
madam,5114334
maddy,362526
madge,782300
madly,1246391
madre,843973
mafia,1412328
mafic,361688
mages,121237
maggs,114169
magic,19706753
magma,1475700
magna,2219814
magus,407979
mahal,633858
maids,2456288
mails,1905879
mains,1797816
maire,374876
maize,5885381
major,168841614
maker,11046320
makes,125236883
malam,120933
malar,308848
males,21510842
malic,327195
malik,1373053
malls,769656
malus,195604
malwa,448653
mamas,132050
mamba,106477
mambo,195624
mamie,643000
mamma,2970785
mammy,634945
manas,393628
mandi,249981
mandy,864967
manes,601420
manet,893147
manga,312983
mange,371512
mango,1346231
mangy,198382
mania,2536444
manic,1749016
manie,158490
manis,111743
manly,3895080
manna,971983
manny,711058
manoa,159472
manor,5535913
manos,281110
manse,536138
manso,111891
manta,159029
manto,115326
manus,657698
mapes,141401
maple,3908080
marae,146742
marah,105338
maran,126953
march,111017382
mares,1101031
marga,208658
marge,709321
margo,590317
maria,18731065
marks,28620422
marls,354554
marly,331708
maron,117393
marry,19503936
marse,170625
marsh,7486053
marts,344039
maser,333743
masha,267240
masks,4667673
mason,9893658
massa,780064
masse,1527799
massy,398332
masts,1687425
match,23369368
mated,919931
mater,3215747
mates,2928419
mathe,108798
maths,553734
matin,412902
matra,116506
matsu,138861
matte,821099
matty,369167
matza,100788
maund,201745
mauri,117328
mauve,685856
mavis,475571
maxim,4346658
mayan,981841
mayas,367854
maybe,43187764
mayor,17099215
mayst,252823
mazar,164125
mazel,306215
mazes,547214
meads,195462
meals,11134581
mealy,341072
meane,247984
means,261935832
meant,62748044
meany,298780
meath,493975
meats,2666772
meaty,272699
mebbe,219614
mecca,2680893
mecum,176459
medal,4821758
media,52684956
medic,447998
medii,111100
meech,151582
meets,11445760
melas,196850
melba,342995
melee,495312
melon,1122561
melos,199370
melts,2043560
memes,266072
memos,856658
mends,152966
menes,146360
menge,184213
mensa,177196
mense,123654
ments,1795480
menus,2522994
mercy,18932721
meres,175633
merge,4093362
merit,17903392
merks,148110
merle,952883
merry,6745587
mesas,281459
meses,134602
mesic,159776
mesne,178929
meson,600954
messy,1306631
metal,49446105
meted,807999
meter,9473898
metes,184309
metis,655765
metre,3256338
metro,2568368
meuse,777192
mezzo,415012
micas,189891
michi,144311
micky,201284
micro,7724613
midge,418772
midst,18021919
mieux,538726
might,409560494
mikes,124392
milch,476962
miles,96533288
milks,265856
milky,2181794
mille,872780
mills,16843277
milly,731263
milos,195694
milpa,118735
mimed,110810
mimeo,878915
mimes,224132
mimic,2037106
minas,840169
mince,545299
minds,33691108
mined,2222173
miner,3152396
mines,18037236
minim,250464
minis,261270
minks,109071
minor,41027981
minos,475014
mints,595112
minty,142410
minus,6519294
mired,505962
mires,138414
mirth,2163106
mirza,976532
miser,823995
mises,588478
missa,341334
missy,605064
mists,1605247
misty,1810154
mitch,1263773
miter,311529
mites,1337011
mitre,779827
mitts,156735
mixed,40257312
mixer,1889751
mixes,1742060
mizen,146332
moana,120025
moans,702164
moats,236192
mocha,295277
mocks,473381
modal,3244548
model,155409143
modem,5461800
moder,1363475
modes,19654238
modoc,197638
modus,1426630
mogul,952302
moira,700861
moire,257313
moist,6946215
molal,233634
molar,3975910
molds,1882455
moldy,282818
moles,2069774
moley,179185
molle,149597
molly,4047952
molto,489068
momma,847187
mommy,1544115
monad,481342
monde,2663003
mondo,500228
money,182729316
mongo,104595
monks,9760880
monte,5361750
month,69201284
monty,887575
moods,3784329
moody,3168530
moons,1411165
moors,2893931
moose,2137911
moped,144086
moral,92086790
moran,1666300
moray,821940
morel,762498
mores,1916029
morin,600352
morne,141148
moron,353972
morph,411776
morro,267717
morse,3309024
morts,189778
moses,16812234
mosso,106552
mossy,759279
moste,122289
motel,2208017
motes,279179
motet,320979
moths,1762072
motif,4949929
motor,40987965
motte,572915
motto,3717504
motus,226926
mould,5306929
moule,167910
moult,450156
mound,5403833
mount,22452720
mourn,2060699
mouse,14429821
mouth,60506237
moved,78308876
mover,1637551
moves,24787121
movie,15603488
mowed,444017
mower,735340
moyle,163168
mucho,403233
mucin,431853
mucor,140699
mucus,2913405
muddy,3851087
mudge,233752
mudra,241502
muffs,108376
mufti,534523
muggy,165493
mukti,205125
mulch,807870
mules,3781456
muley,144411
mulla,280277
mumbo,177723
mummy,1787746
mumps,801026
munch,747173
mungo,389849
muons,183243
mural,2036103
murex,115720
murky,1053933
murry,396600
murti,124204
musca,148273
mused,1485175
musee,1256917
muses,1687163
mushy,295897
music,102628158
musky,203329
musts,111807
musty,772399
muted,1522134
mutes,362849
mutti,113179
mylar,229473
myoma,150222
myrrh,505275
myths,8047310
nabob,735481
nadir,938568
nagar,587548
nagas,470301
nahal,139377
naiad,123383
nails,6566100
naira,180928
naive,5685530
najib,104895
naked,14388297
named,56790689
names,73408991
nance,578936
nancy,9687040
nanna,151988
nanny,1099435
nappe,267922
nappy,168202
nares,449482
nasal,7397636
nason,141312
nasty,3422308
natal,3841949
nates,129452
natty,295708
naval,23570489
navel,1159619
naves,204540
navvy,101329
nawab,1112857
nazir,192093
nazis,4422371
nears,341982
neath,471032
nebel,113068
necks,2802343
needs,116865318
needy,3100785
negri,432375
negro,27694097
negus,185677
neigh,320710
nelly,831770
nerve,32996075
nests,4295827
netta,115944
never,367408537
neves,126405
nevis,527244
nevus,364194
newel,150931
newer,5730290
newly,22861197
newts,162408
nexus,1658388
ngati,195615
ngoni,142824
nicer,860822
niche,3504706
nicht,6184794
nicks,224341
nicky,741636
nicol,559937
nidus,167740
niece,3877604
nifty,189608
niger,2777282
nigga,108646
night,177813198
nihil,968099
nines,249762
ninja,176426
ninny,114547
ninon,163940
ninth,11111649
nisei,439461
nisus,130875
nitre,451159
nitro,835131
nitty,145386
nivel,154622
nizam,1134765
noble,31356734
nobly,1624704
nodal,1714065
nodes,11923553
noire,553838
noirs,227807
noise,33341287
noisy,5062651
nolle,130387
nomad,774527
nomen,512473
nomic,241693
nomos,290025
nonce,249160
nones,104140
nooks,443700
noone,203697
noose,830225
norma,1533264
norms,14122439
north,178650422
nosed,1204747
noses,2410496
notch,3163284
noted,73569863
notes,79463444
nouns,4774258
novae,296985
novas,114769
novel,43656017
novum,445716
noyes,958655
nubia,608388
nudes,357821
nudge,502834
nuevo,925348
nulla,536265
nullo,193882
nulls,140550
numen,127046
nurse,23875250
nutty,313732
nylon,2316343
nymph,1286141
nyssa,306074
oaken,399087
oakum,151058
oared,123579
oases,765738
oasis,1803279
oaths,3142190
obeah,130813
obese,1878286
obeys,1158374
objet,499319
oboes,262857
occam,310629
occur,79479712
ocean,32902932
ocher,201134
ochre,907295
octal,352641
octet,409431
octyl,107868
oculi,247863
odder,125677
oddly,2826363
odeon,232738
odium,726142
odors,1751890
odour,2099589
offal,381823
offer,68537056
often,325385700
ogres,160456
ohmic,441039
oiled,1096095
oiler,205641
olden,1322987
older,58790316
oleic,488914
oleum,174628
oligo,211178
oliva,282761
olive,9286968
ollie,508175
ology,111003
ombre,228433
omega,1900986
omens,914282
omits,1358230
omnes,1109898
onely,823031
onion,4552065
onset,12666655
ontic,185439
oozed,344676
oozes,237564
opals,125087
opens,12766551
opera,17981773
opine,157020
opium,5685749
opted,2068879
optic,6563821
orang,657079
orbit,9096821
order,360669813
organ,22746217
oriel,553036
origo,126479
orris,122747
ortho,756899
oscar,5423878
osier,394711
osmic,132331
ostia,504140
other,1383185827
otter,1716514
ought,57330059
ouija,119969
ounce,4940494
ousia,136132
outdo,453120
outer,28950468
outgo,145955
outre,512193
outta,392806
ovals,314395
ovary,3289030
ovate,729585
ovens,1436396
overs,475151
overt,5377059
ovine,184122
ovoid,663276
ovule,379663
owing,23243750
owned,30008173
owner,38006556
oxbow,152431
oxide,12923070
oxime,105349
oyama,142929
ozone,3983357
ozzie,196928
paced,2362015
pacer,151286
paces,2615717
pacha,467956
packs,2608718
pacts,609283
paddy,2990762
padma,351057
padre,1906650
paean,292737
pagan,7193677
paged,260712
pager,278434
pages,51124390
pails,562422
pains,12227770
paint,19386260
pairs,17446014
paise,191798
palay,110584
paled,550738
paler,1205105
pales,348328
palla,112243
palls,110030
palms,5418634
palmy,175242
palpi,316106
palps,117743
palsy,2198108
pampa,330424
panch,136647
panda,471312
paned,105509
panel,19907781
panes,1199887
pangs,1262429
panic,10391109
panna,152368
pansy,427825
pants,5283856
panty,145592
paoli,328655
paolo,1810494
papal,7063118
papas,149086
paper,135586065
pappy,253445
paras,1083772
pardy,183422
pared,637090
pares,327645
paris,83003865
parka,287032
parks,9904695
parle,368640
parly,144671
parma,1607971
parol,652625
parra,182017
parry,2254165
parse,677247
parte,4166508
parti,1741394
parts,133867316
party,203139462
pasar,142530
paseo,288417
pasha,3086281
passe,977196
passu,235175
pasta,2162020
paste,6447291
pasts,374497
pasty,425223
patch,8247858
patel,1672044
paten,154793
pater,1726444
pates,118945
paths,13666683
patio,1848237
patsy,911955
patty,1508590
pauls,237938
pause,11628988
paved,4156863
paves,223114
pawed,206777
pawns,507329
payed,164694
payee,1022532
payer,896281
payor,353959
peace,105430654
peach,2943899
peake,340856
peaks,8794878
peals,383442
pearl,8914158
pears,1869999
pease,934185
peats,188979
peaty,234923
pecan,551772
pecks,221430
pedal,2076100
pedes,111494
pedis,230337
pedro,6117703
peece,101662
peels,377369
peeps,235202
peers,10109211
peggy,2695173
peine,369127
pekin,537600
pelts,506826
penal,5782635
pence,2296184
pened,104434
penes,100303
penis,4491942
penna,399233
penne,127475
penny,7067752
pense,293668
peons,362184
peony,308914
pepsi,619439
perce,535702
perch,2270999
perdu,305687
peres,567308
peril,5239145
perks,442040
perky,205419
perle,220668
perls,194388
perry,6757700
perse,376296
pesky,216851
pesos,2307779
pesto,217768
pests,3036294
petal,798796
peter,56046161
petit,3025351
petre,333261
petri,1482453
petty,9611489
phage,1601914
phare,100714
pharm,1115072
phase,73292544
phial,289628
phlox,271572
phone,31061391
phony,877880
photo,16598046
phyla,302072
piano,13786658
picas,107995
picks,3246061
picky,185382
picot,226586
piece,63366737
pieds,231386
piers,3080366
pieta,338090
piety,8267448
piezo,157567
piggy,352031
pigmy,220117
pikes,732555
pilar,531755
piled,4484085
piles,5099840
pills,3500235
pilon,106415
pilot,16262831
pimas,111102
pimps,332403
pince,174882
pinch,3173692
pined,274464
pines,3917621
piney,230118
pinks,463269
pinky,338989
pinna,352586
pinon,184117
pinot,322561
pinta,170746
pinto,1090669
pints,894544
pions,231973
pious,8602429
piped,996770
piper,2166410
pipes,9530678
pipet,360583
pipit,121217
pique,611410
pitch,15236647
pithy,470880
pitot,225191
pitta,201701
pivot,2413917
pixel,2639693
pixie,167146
pizza,2486593
place,401396238
plage,137949
plaid,873833
plain,43237703
plait,368125
plane,43932667
plank,2986535
plans,58326527
plant,83847060
plasm,407451
plast,637673
plate,53932896
plats,286517
platt,880527
platy,129851
playa,512266
plays,35487791
plaza,4878181
plead,4119530
pleas,3179737
pleat,139999
plebe,102785
plebs,314765
pleck,111623
plein,291522
plena,190634
plica,117925
plied,1009734
plies,446182
plots,9457085
plows,616113
ploys,178425
pluck,1789255
plugs,1758557
plumb,1254619
plume,2117136
plump,2075428
plums,1138845
plush,850109
pluto,1434595
poach,141433
poche,117662
podge,117834
poems,29345654
poena,132894
poesy,467215
poete,162155
poets,18098603
pogue,162510
point,333858038
poise,1325612
poked,1350420
poker,2256768
pokes,252288
pokey,101368
polar,9186763
poled,142217
poles,13301756
polio,1161537
polis,920474
polka,513618
polls,4004011
polly,2741032
polyp,595304
pombe,119014
pomps,140724
ponce,823390
ponds,3558363
pongo,146566
ponto,142606
ponts,206430
ponty,781278
poods,131139
pools,5714338
popes,2802528
poppa,196986
poppy,1500096
popup,207133
porch,7460033
pored,274373
pores,3484317
porgy,220896
porky,106274
porno,205696
porta,1277097
porte,2309590
ports,14065276
porus,143524
posed,8325856
poser,211654
poses,4125405
posey,294916
posit,1042830
posse,1122185
poste,346429
posts,12966774
potts,914129
potty,287487
pouch,2507494
pound,18201567
pours,1548910
power,374440251
powis,180019
prana,435002
prank,445371
prate,161322
pratt,3359357
prawn,308771
prays,1506735
preen,119485
press,211628967
prest,288070
preux,120407
preys,211427
price,127365117
prick,1176971
pride,27561848
pried,397982
prima,4069566
prime,34421805
primi,277629
primo,1191435
pring,131391
print,30965760
prion,268143
prior,58065499
prise,507934
prism,3433018
prius,458253
privy,5759287
prize,15236876
probe,8375330
prods,356395
proem,169387
profs,163713
promo,136798
proms,100635
prone,7331574
prong,512043
proof,41818941
props,1750834
prose,13781344
prost,104441
prosy,123031
proto,2087715
proud,21471334
prove,48293856
prowl,383220
prows,137742
proxy,4047183
prude,183623
prune,904132
psalm,5938057
pseud,241460
pshaw,168592
psoas,388781
psych,614837
pubes,214531
pubic,1235990
pubis,804687
pudgy,257434
puffs,1000000
puffy,618689
pulls,3495384
pulps,335677
pulpy,254980
pulse,18647609
pumps,5474406
punch,6406908
punks,210823
punto,425870
pupae,598749
pupal,408221
pupil,16307417
puppy,2234585
purdy,489521
puree,674613
purer,1566207
purge,2488236
purse,5968302
purty,128343
pushy,259670
pussy,787877
putin,527885
putti,169420
putts,119288
putty,687353
pygmy,441636
pylon,275013
pyrex,298488
pyrus,121219
quack,773954
quads,176047
quaff,101229
quail,1499374
quake,637930
quale,580922
qualm,161834
quant,865039
quare,296563
quark,900961
quart,3026562
quash,379026
quasi,8043954
quays,506566
qubit,104380
queen,55387905
queer,4984193
quell,941184
quern,391179
query,8998692
quest,10496153
queue,3821985
quick,33025464
quiet,36586756
quill,1252072
quilt,2238927
quine,887857
quint,430038
quips,216751
quire,388981
quirk,613300
quite,173456485
quits,756383
quoad,181517
quota,4548902
quote,10879137
quoth,918753
quran,1184192
rabat,375478
rabbi,6841500
rabid,679520
raced,2867256
racer,440056
races,15311224
racks,1447760
radar,5807722
radii,2014749
radio,41244924
radix,545635
radon,932651
rafts,1027443
ragas,177055
raged,2291332
rages,725806
raids,4248864
rails,4683457
raine,448169
rains,5574479
rainy,4295439
raise,36593271
rajah,1406391
rajas,545969
raked,916449
rakes,435424
rales,463978
rally,4220857
ralph,10783695
ramie,170353
ramon,1805840
ramps,660348
ramus,1116917
rance,195697
ranch,6703995
rands,110672
randy,1830642
ranee,278315
ranga,203784
range,118834139
rangi,124982
rangy,111977
ranis,100391
ranke,511013
ranks,16990202
rants,128790
raped,1803832
raper,190998
rapes,577944
raphe,419847
rapid,44706695
rapin,196363
rarer,1326348
rares,114654
raspy,197074
rasta,115870
ratan,128405
rated,7499372
rater,547590
rates,79237251
ratio,53210388
ratty,145928
raved,332145
ravel,553975
raven,3772691
raves,190927
rayed,325130
rayne,106263
rayon,1140707
razed,653852
razor,2396734
reach,63077482
react,9582173
reads,12237556
ready,79609735
realm,17783898
reals,340829
reams,350032
reaps,243261
rearm,122133
rears,390231
rebar,110157
rebbe,447680
rebel,8114938
rebus,755534
rebut,508399
recal,199953
recap,289135
recce,103230
recit,143800
recon,328027
recta,240530
recte,163205
recti,288987
recto,539881
recur,2288889
redan,132363
reddy,1068671
redon,142117
redox,1270113
redux,130785
reeds,2232752
reedy,436541
reefs,2549711
reeks,180836
reels,977357
reeve,1048575
refer,36885043
refit,280890
regal,1910644
reges,126143
regia,543220
regie,190716
rehab,410125
reify,130105
reign,24359982
reiki,271256
reine,572792
reins,3158405
relax,6757308
relay,4604359
relic,2190808
remit,1306003
renal,15288679
rends,143800
rendu,326796
renew,4495515
renin,1099561
rente,131995
rents,6844819
repay,3444468
repel,1989446
reply,29929435
repos,213197
repro,132695
rerun,280557
reset,2628981
resin,5556044
resto,123035
rests,11977367
retro,545558
retry,193414
reuse,1919733
revel,1088384
revue,3827332
rheum,513779
rhine,5276229
rhino,525120
rhone,1120044
rhyme,3777527
rials,175550
ribes,161123
riche,448699
ricin,133589
ricks,352529
rider,5140008
rides,3462893
ridge,15560675
riffs,119268
rifle,9108150
rifts,388906
riggs,778410
right,405717045
rigid,15549981
rigor,1714108
riled,176708
riley,3035595
rills,285864
rimes,259478
rinds,147740
rings,12541165
rinks,113903
rinse,1925954
rioja,135897
riots,5007217
ripen,1077871
riper,349351
risen,10060859
riser,625263
rises,15280782
rishi,294806
risks,18794732
risky,3869871
rites,8637691
rival,13655196
rivas,299132
rived,107897
riven,452622
river,129050101
rives,371120
rivet,1085666
roach,1114271
roads,26313020
roams,203795
roars,658435
roast,3085642
robed,819544
robes,4163220
robin,7228027
robot,4160862
robur,106374
roche,1727684
rocks,32246632
rocky,10595188
rodeo,761636
rodes,167620
rogan,181953
roger,13360285
rogue,1921199
rohan,483482
roles,26597565
rolls,9464714
roman,61532165
romeo,2161941
romer,547390
ronde,234286
rondo,427652
ronin,130735
roods,112414
roofs,4910598
rooks,451898
rooms,32937144
roomy,518554
roost,888146
roots,29383889
roped,368960
roper,1092708
ropes,4194092
roque,344272
rorty,918864
roses,7391328
roshi,129360
rosin,668566
rossa,158542
rosso,352943
rotor,3773692
rouen,1674332
rouge,3413506
rough,25173573
round,88680611
rouse,2581729
route,32665445
routh,237679
routs,125540
roved,198008
rover,1356305
rowan,1289368
rowdy,623113
rowed,1366327
rower,137778
royal,66531300
rubel,121205
rubin,2275558
rubio,305609
ruble,485780
rubus,217963
ruddy,1358785
ruder,345259
rueda,119133
ruffs,124953
rufus,2084973
rugby,1605215
ruins,10939410
ruled,16334408
ruler,12783424
rules,95446866
rumba,131500
rumen,644518
rummy,144194
rumor,2800530
runes,399945
rungs,504307
runic,290692
runny,275352
rupee,1126440
rural,49789702
ruses,164315
russe,358460
rusts,219876
rusty,2661008
rymer,351805
ryots,322401
saber,697658
sabha,2238009
sabin,452009
sable,1454787
sabra,215434
sabre,854770
sacks,2584957
sacra,814457
sacre,323977
sadhu,268133
sadly,6077835
safed,188044
safer,4897530
safes,269373
sagar,324597
sagas,665533
sager,191450
sages,2794679
saheb,383848
sahib,1554873
sails,4747643
saint,29511488
saith,3609901
sakai,427967
sakes,712531
sakti,460425
salad,5491851
salas,333607
salat,101155
sales,58217116
salic,187839
salis,134837
salix,371287
salle,1767258
sally,6711063
salon,3189232
salop,188540
salsa,679941
salto,121759
salts,9975080
salty,1258289
salud,245391
salut,202582
salve,725249
salvo,526184
saman,121076
samba,582949
sambo,263559
sammy,1484420
sands,5802796
sandy,10796917
saner,234861
sanga,134178
sangh,717926
santo,2894600
sapor,116330
sappy,101689
saran,274838
sarge,233600
sarin,184896
saris,242913
sassy,225239
sated,355411
sates,119561
satin,2710511
satis,547434
satyr,553659
sauce,7910224
saucy,502277
sault,502020
sauna,570969
saute,767278
sauve,135950
saved,26171221
saver,607557
saves,3441489
savin,252441
savor,776576
savoy,2317780
savvy,821080
sawed,795028
sayed,215449
sayer,322358
scabs,405423
scala,978686
scald,285794
scale,87945524
scalp,3237199
scaly,825446
scamp,243954
scams,199914
scand,1766666
scans,2217569
scant,2650938
scapa,154391
scape,400149
scare,2799552
scarf,2074144
scarp,445651
scars,3024076
scary,1502151
scena,138782
scene,59437019
scent,5165784
schwa,166027
scion,718212
scire,213205
scoff,439210
scold,757665
scone,246556
scoop,1471588
scoot,147206
scope,30959084
score,26170023
scorn,4705707
scots,6416182
scour,744097
scout,3294126
scowl,634353
scrap,4472843
scree,232571
screw,8506931
scrim,105844
scrip,649337
scrub,2653965
scrum,194595
scuba,620224
scudi,198134
scull,240366
seals,5565492
seams,2326584
seamy,160628
sears,2447857
seats,15624260
sebum,172418
sechs,101751
sects,4299159
sedan,1466105
seder,370561
sedes,108990
sedge,512891
sedum,129779
seeds,19357319
seedy,447736
seeks,14150602
seely,215879
seems,158520801
seeps,314236
seers,919510
sefer,449835
segni,112943
segue,112894
seine,3601784
seize,7685920
selah,134100
sella,399656
selle,101533
sells,5325590
selva,238097
semen,2042675
sends,8524224
senex,108373
senna,330151
senor,1546742
sensa,133532
sense,197220509
sensu,424182
senti,121387
senza,406536
sepal,110761
sepia,548642
sepoy,355779
septa,868085
serai,217392
seres,115588
serfs,1623266
serge,1134775
seria,209951
serif,371347
serra,973224
serre,140369
serum,17322599
serve,67412909
servo,886065
setae,1088611
seton,953426
setts,138455
setup,5266729
seven,86326705
sever,1376818
sewed,1150407
sewer,2946617
sexed,292355
sexes,7600074
shack,1591220
shade,14077842
shady,2285063
shaft,12655793
shaka,321444
shake,10815829
shaky,1636497
shale,3999511
shall,343397728
shalt,4991868
shaly,201108
shame,14551111
shams,437368
shand,228131
shank,1093289
shans,116978
shape,59292802
shard,176418
share,80467423
shark,2775758
sharp,35123187
shaul,118463
shave,1610298
shawl,1857515
shawn,664745
shays,231679
sheaf,817224
shear,10224673
sheds,2611980
sheen,1190189
sheep,22591135
sheer,9225539
sheet,31531345
sheik,621714
shelf,8852714
shell,24350351
sheng,1011771
sheol,263864
sherd,500202
shere,188684
shewn,1975002
shews,1236928
shied,397563
shift,34815041
shims,164157
shine,5789224
shins,355970
shiny,3180381
ships,40502437
shire,1649545
shirk,548514
shirt,13232381
shite,126016
shiva,1419141
shoal,901281
shock,25055649
shoes,17745203
shoji,191647
shone,5223230
shook,21411884
shoot,12782071
shops,14084345
shore,28078339
shorn,1035254
short,176858591
shots,7957043
shout,5662876
shove,1190985
shown,164618363
shows,113416183
showy,1055150
shred,729333
shrew,779770
shrub,2434829
shrug,1500436
shuck,153187
shuns,250406
shunt,2626346
shura,167471
shush,110868
shute,274880
shuts,1025114
shyly,775873
sibyl,634185
sicht,163412
sided,7159595
sider,212285
sides,52946344
siege,10170893
sieur,787836
sieve,2229412
sighs,1849348
sight,52878422
sigma,3028606
signa,193549
signs,44832610
sikes,244082
silex,189947
silks,1515597
silky,1202560
sills,850402
silly,7383577
silos,580559
silts,304752
silty,627330
silva,2058663
simba,135026
simul,396519
since,371590865
sines,335415
sinew,473210
singe,174729
sings,3622441
sinks,3087392
sinus,5622133
sired,308262
siren,1327277
sires,442424
sirup,210066
sisal,414470
sissy,548761
sitar,116498
sited,724852
sites,39892154
sitka,504486
situs,484298
sixes,267683
sixth,21718800
sixty,24210574
sized,9690362
sizer,140838
sizes,15069293
skate,839577
skeet,120191
skein,363288
skene,353316
skids,250523
skied,122231
skier,359307
skies,4499636
skiff,586281
skill,32903336
skims,115150
skins,6007029
skips,466147
skirt,5101764
skits,248994
skulk,100281
skull,10011912
skunk,768089
slabs,2884231
slack,3370601
slade,1003754
slags,343788
slain,5754475
slake,207557
slams,265797
slane,102003
slang,2054777
slant,1598115
slaps,384537
slash,1468623
slate,4743064
slats,528918
slaty,273268
slave,30911620
slays,271482
sleds,375559
sleek,1378210
sleep,50888533
sleet,643197
slept,10796853
slice,5029789
slick,1665950
slide,12171306
slime,1303941
slimy,909071
sling,1473667
slink,189803
slips,3497430
slits,1264536
sloan,1869678
sloka,120075
sloop,1423463
slope,18799093
slops,180616
sloth,990529
slots,2352413
slows,1336687
slugs,740066
slump,1422663
slums,2130239
slung,1433654
slunk,328987
slurs,281615
slush,488694
slyly,526086
smack,1069173
small,350484848
smart,11095693
smash,1655337
smear,1844575
smell,15038918
smelt,1058950
smile,32358171
smirk,454989
smite,649834
smith,64298764
smits,125634
smock,507070
smoke,23159665
smoky,1753278
smoot,294127
smote,951269
smuts,1039810
snack,1916277
snags,337598
snail,1838723
snake,9564676
snaky,112723
snaps,782180
snare,1618024
snark,120370
snarl,526859
snead,173342
sneak,1552248
sneed,144711
sneer,1252333
snell,848893
snide,178700
sniff,839738
snipe,638791
snips,122226
snobs,257388
snook,176173
snoop,193931
snore,328063
snort,687000
snout,1269601
snows,1505326
snowy,2260054
snuck,230473
snuff,1574880
soaks,246568
soaps,1187925
soapy,490374
soars,460703
sober,6238695
socks,2830003
sodas,241992
soddy,169547
sodic,191388
sodom,900863
sofas,562606
soggy,521717
soils,15024876
sokol,171943
solar,17315113
soldi,136512
soled,239170
soler,161141
soles,1728133
solid,46975719
solon,1202289
solos,657021
solum,466892
solus,205787
solve,19977322
soman,131157
sonar,842863
songs,24341220
sonic,1036347
sonne,627302
sonny,1335959
sooth,451242
sooty,530286
sophy,491643
sopra,396840
sorel,617505
sores,1547553
sorry,25104781
sorta,150857
sorts,15994104
sotto,446386
souls,19573348
sound,98359048
soups,1105450
sours,109778
south,194907298
sowed,789937
sower,427271
soyuz,221832
space,127941942
spade,1934629
spain,41588379
spake,2076184
spall,102105
spank,193048
spans,2455238
spare,12421236
spark,6299199
spars,644882
spasm,2487979
spate,693423
spats,144732
spawn,1111784
speak,83469645
spear,4873035
speck,1326676
specs,373490
spect,622954
speed,57878343
speer,665781
spell,9503142
spelt,1026236
spend,31141732
spent,59522444
sperm,5742280
spica,173682
spice,2202549
spick,115601
spicy,1242872
spied,979787
spiel,263155
spier,160671
spies,3440526
spike,3082729
spiky,283052
spill,2520232
spilt,559831
spina,734553
spine,9583674
spink,187503
spins,1636690
spiny,669605
spire,1541773
spite,35152429
spits,544139
spitz,427092
splat,145573
splay,190894
split,21402591
spoil,3869880
spoke,48762095
spoof,181830
spook,265202
spool,829415
spoon,4376043
spoor,268588
spore,1708865
sport,15020361
spots,13187168
spout,985477
sprat,257304
spray,7979376
spree,633803
sprig,452060
sprue,364150
spunk,167333
spurn,370735
spurs,2284840
spurt,865047
sputa,109408
squab,116225
squad,3493133
squat,1394274
squaw,761607
squib,141233
squid,1114116
stabs,386403
stack,7913046
stade,234432
staff,77708958
stage,109565790
stags,406490
staid,1132999
stain,6044036
stair,2252941
stake,9919123
stale,2551851
stalk,3111754
stall,3253097
stamp,9588738
stand,80686346
stane,104964
stank,269978
stans,119192
staph,196945
stare,5395808
stark,5456810
starr,1866389
stars,30710319
start,79891984
stash,321445
state,553386027
stats,820989
statu,345156
stave,875805
stays,4836501
stead,3090614
steak,2266399
steal,6294514
steam,27828920
steed,1370082
steel,49352821
steen,429564
steep,11180990
steer,3222628
stein,5226292
stela,523570
stele,614336
stems,9432184
steno,175629
stent,960377
steps,59851144
stern,11776307
stets,155364
stews,376910
stich,140931
stick,19426989
stiff,9344501
stile,830566
still,408263128
stilt,207939
sting,2819220
stink,908307
stint,1004579
stipe,201366
stirs,1080321
stoat,152617
stock,81089976
stoic,1988427
stoke,861021
stole,4702201
stoma,480704
stomp,300327
stone,67310166
stony,3098866
stood,78683031
stool,4626852
stoop,1569300
stope,150345
stops,9908432
stopt,188701
store,43347796
stork,714292
storm,23470314
story,136788548
stott,318305
stour,160419
stout,6018347
stove,6025489
strap,2451635
straw,9423578
stray,3475926
strep,238024
strew,260376
stria,304769
strip,13657852
strum,161735
strut,992631
stubs,487336
stuck,12080201
studs,1286892
study,251146114
stuff,17634980
stull,113433
stumm,119245
stump,2963621
stung,1660868
stunt,1004976
stupa,600272
sturt,231470
style,79906426
stylo,167133
suave,528195
sucks,655387
sucre,325366
sudan,5293092
suede,388370
sugar,38411948
suing,881409
suite,9450772
suits,9383260
sulci,270494
sulfa,213901
sulky,569540
sully,975832
sulph,186864
sumac,260200
summa,1385285
sunna,214565
sunny,5241394
sunup,126544
super,10509114
supra,13466096
surah,253892
sural,166301
surat,958437
surer,761682
sures,110536
surge,3791905
surly,742713
sushi,376462
sutra,1848445
sutta,322267
swabs,367730
swags,114794
swain,1001859
swale,185026
swami,1977252
swamp,4636328
swamy,148082
swank,243602
swans,1133893
swaps,639763
sward,423911
swarm,2281334
swart,233043
swash,182206
swath,409683
sways,324014
swear,6106664
sweat,8278966
swede,672134
sweep,7635120
sweet,33768721
swell,4886762
swept,13057003
swift,12544591
swill,160405
swims,692721
swine,2781470
swing,9980063
swipe,287258
swirl,1008664
swish,414664
swiss,9162041
swoon,486927
swoop,615039
sword,19823764
swore,3786461
sworn,5390700
swung,6695422
sybil,920710
sykes,1167520
sylph,125014
sylva,205512
synch,159265
synod,4290328
synth,128578
syrup,3060217
tabby,401434
taber,276438
tabes,332135
tabla,167992
table,247925745
taboo,2515015
tabor,773943
tache,163065
tacit,2898849
tacks,547663
tacky,355623
tacos,192528
taels,341720
taffy,294929
taiga,297293
tails,4245385
tains,240833
taint,1325901
taira,210316
taken,244444700
taker,891588
takes,84145451
takht,101364
takin,314748
talar,114516
tales,15892919
talks,12954599
tally,1647275
talma,145962
talon,388697
taluk,397968
talus,718695
tamas,269667
tamed,1105181
tamer,304372
tames,134863
tammy,526781
tanga,168192
tango,634559
tangy,175854
tania,338004
tanka,185815
tanks,10562518
tanna,160290
tansy,179736
tante,296883
tanti,124218
tanto,939143
tapas,286063
taped,1567421
taper,1829963
tapes,4196656
tapir,222562
taras,189335
tardy,972347
tares,425269
tarns,100469
tarot,491341
tarry,911241
tarsi,434076
tarts,384327
tasks,30566751
tasso,937298
taste,36279735
tasty,1116946
tatar,597612
taube,154633
taunt,795423
tawny,960390
taxed,4979732
taxes,37820510
taxis,1073931
taxol,122335
taxon,548166
taxus,134635
teach,31184397
teams,13978284
tears,28775699
teary,139106
tease,1403497
teats,318507
techs,109571
tecum,206377
teddy,2424736
teems,224735
teens,3442227
teeny,164660
teeth,32750428
telex,1489508
telic,129506
tells,32899571
telly,167197
telos,427121
tempi,269762
tempo,3848813
temps,2538627
tempt,1965515
tench,275505
tends,22030171
tenet,1340625
tenia,159495
tenno,133733
tenon,390270
tenor,4222773
tense,9014228
tenth,12412346
tents,5137870
tenue,119289
tepee,273950
tepid,713253
terai,202245
teres,470099
terms,183434872
terns,578932
terra,3301874
terre,1815219
terry,5993934
terse,927233
terza,130326
tesla,426803
testa,498988
teste,275796
tests,55063047
testy,253974
tetra,338755
texas,33372633
texts,27482161
thana,300972
thane,445080
thang,211485
thank,32642462
thaws,153461
theca,274329
theft,6235066
thein,192478
their,2152980325
thema,210914
theme,29775562
theor,416546
there,1623700147
therm,165881
these,1305787385
theta,1431653
thick,37256214
thief,4923101
thigh,4696207
thine,5386885
thing,172738438
think,282298331
thins,254477
thiol,358747
third,164752523
thole,176344
thong,585673
thorn,3146724
thorp,384264
those,691668501
three,487787199
threw,20054344
throb,761082
throe,160005
throw,23746663
thrum,110922
thuds,106585
thugs,769059
thuja,152087
thumb,9232055
thump,835443
thyme,1090740
tiara,410082
tibia,2025863
tical,214244
ticks,1267966
tidal,4742637
tided,115648
tides,3805857
tiers,1604589
tiger,6378636
tight,16463407
tilak,665295
tilde,127487
tiled,1093604
tiles,3907293
tills,297450
tilly,949441
tilth,164288
tilts,410037
timed,2518145
timer,2166117
times,244274912
timid,3901090
timon,571132
tinct,154472
tinea,478546
tines,333056
tinge,1581419
tings,109791
tinny,148602
tinto,195593
tints,1527063
tipsy,413977
tired,20606874
tires,3358592
tiros,101201
titan,984243
titer,812114
tithe,1523144
title,71430817
titre,671582
toads,768385
toast,3658272
today,108960014
toddy,366331
todos,918169
toile,113380
toils,1128971
tokay,114981
token,7619414
tolls,1537244
toman,132349
tombs,4815702
tomes,461073
tommy,4727786
tonal,2076420
tondo,152269
toned,1352103
toner,392240
tones,9786814
tonga,1002776
tongs,849929
tonic,3547254
tonne,623779
tonus,348258
tools,37529774
tooth,11104142
toots,215974
topaz,532746
topic,22470990
topoi,168284
topos,371024
toque,100973
torah,5036089
torch,3768906
torii,119780
torso,1727395
torts,1436737
torus,584292
total,194645191
totem,1312063
touch,42288164
tough,11652616
tours,6360053
touts,159702
towed,1158154
towel,3758672
tower,22237733
towns,35442693
toxic,10547478
toxin,2979205
toyed,481016
trace,24279136
track,28410371
tract,18223773
trade,157534593
tragi,261841
trail,17902549
train,41055205
trait,7079826
tramp,2093027
trams,452227
trans,22812711
traps,4380074
trash,3429552
trawl,407196
trays,1963484
tread,3469365
treat,27558923
treed,108501
trees,66033516
treks,187743
trend,22363997
tress,225221
triad,2172055
trial,58746152
tribe,16955868
trice,307627
trick,8222139
tried,82422379
trier,873959
tries,12035194
trill,466713
trims,257865
trine,257813
trios,278309
tripe,285237
trips,9281971
trist,286127
trite,814692
trois,1573582
troll,583714
tromp,238097
troop,4980233
trope,818500
troth,405881
trots,217125
trout,6269893
trove,365259
truce,3503657
truck,14274010
truer,1490014
truly,37990392
trump,1457643
trunk,12920957
truss,1735330
trust,66094897
truth,118722538
tryst,272289
tsars,276143
tubal,884735
tubby,199042
tuber,855902
tubes,14646081
tucks,224268
tuffs,298031
tufts,1640349
tulip,907860
tulle,221271
tulsi,162032
tumid,114078
tummy,411314
tumor,16443458
tunas,108700
tuned,3143478
tuner,337776
tunes,3004024
tunic,1647067
tunny,123624
tuple,671866
turbo,931235
turks,8372410
turns,29719923
tusks,853742
tutor,4694948
tutti,624280
twain,3718867
twang,291356
tweak,210391
tweed,1591095
tween,1145913
twice,36389658
twigs,2523834
twill,679790
twine,1047836
twins,6105904
twirl,231989
twist,5953844
twixt,357475
tying,3099266
tyler,4587920
typed,3405937
types,102702549
typos,125923
tyres,707761
udder,503482
uhuru,102704
ukase,139316
ulama,608302
ulcer,4317266
ulema,284740
ulnar,1493451
ultra,4876650
umber,413262
umbra,271640
ummah,174769
unary,250851
uncle,26589113
uncus,103235
uncut,687311
under,585610545
undid,428344
undue,4994030
unfed,102599
unfit,3828528
unica,109597
unify,1190573
union,131560771
unite,8650076
units,66087714
unity,38143462
unlit,270039
unmet,519556
untie,428890
until,266946065
unwed,403728
upped,159205
upper,82015080
upset,11230422
urate,369148
urban,55345225
urged,19003706
urges,3579290
urine,15900768
usage,16586506
users,27020410
usher,2085894
using,201536862
usque,542222
usual,58076335
usurp,781520
usury,1397394
uteri,638097
utero,833946
utile,400888
utter,10367439
uveal,170393
uvula,299418
vacua,114445
vacuo,420980
vagal,649306
vague,13264591
vagus,1129284
vajra,284988
vakil,142504
vales,437820
valet,1505585
valid,24337886
valli,125943
valor,1824177
valse,156013
value,251727013
valve,17551814
vanda,113709
vanes,633277
vapid,280745
vapor,9220995
varas,152998
varia,288444
varna,532249
varus,481193
vases,2478863
vault,4107932
vaunt,147740
veena,126096
veers,190231
vegan,181908
vegas,2661084
veils,1116636
veins,12452049
velar,298088
veldt,191963
velum,309947
venae,139672
venal,510295
venom,1775449
vents,1066605
venue,2224307
venus,6825212
verba,688341
verbs,7817802
verde,1573762
verge,3704339
verra,107527
verre,167257
verry,141931
versa,6204627
verse,24706558
verso,1657071
verte,180568
vertu,397764
verve,442776
vespa,101050
vesta,457429
vests,758479
vetch,367634
veuve,102763
vexed,2022674
vials,813968
vibes,164832
vicar,3821195
vices,4515257
vichy,1221957
video,19194893
vieux,553477
views,59730863
vigil,1296150
vigor,4830736
villa,7403525
ville,2179054
villi,817793
vinca,177730
viner,272831
vines,4013789
vinny,143280
vinyl,2278854
viola,2004515
viols,147480
viper,678757
viral,5970098
vireo,184940
vires,611683
virgo,764721
virtu,207125
virus,19308126
visas,1114206
visit,62724360
visor,427847
vista,2836318
visto,205490
vitae,917819
vital,29437126
vitro,8001698
vivas,118637
vives,400708
vivid,9463826
vivos,375851
vivre,400770
vixen,285908
vizir,189397
vocal,8792311
voces,145109
vodka,1223863
vogue,3280324
voice,105822860
voici,149064
voids,1233968
voila,303475
voile,161340
volar,335043
voles,289555
volta,1114139
volte,299481
volts,4242874
vomer,200909
vomit,1173800
voted,11941805
voter,3982716
votes,16728125
vouch,580958
voulu,187278
vowed,2207329
vowel,5292741
voxel,233972
vroom,229212
vulgo,115797
vulva,1045963
vying,468785
wacky,180705
waddy,106991
waded,793835
wadis,130257
wafer,1642285
wafts,119778
waged,2990384
wager,1452071
wages,33733931
wagon,9140909
wahoo,104545
waifs,186677
wails,345374
waist,7696326
waite,758072
waits,2911079
waive,1273045
waked,540466
waken,428971
wakes,1500809
waldo,1644536
wales,17663336
walks,9995807
walla,803340
walls,53543364
wally,998881
waltz,1579414
wands,316840
waned,988223
wanes,276163
wanly,116546
wanna,1046098
wants,40331501
wards,4054776
wares,3345662
warms,721382
warns,2406995
warps,351266
warre,318346
warts,1048480
warty,201980
washy,126073
wasps,1254799
waste,34589875
watch,42950958
water,355340324
watts,4797329
waugh,930277
waved,6174734
waver,656356
waves,29873462
waxed,1477097
waxen,306564
waxes,732464
wazir,371094
weald,283377
wears,4867276
weary,9347902
weave,2978425
weber,8289257
wedel,146908
wedge,4483137
weeds,5704850
weedy,406476
weeks,67337561
weems,252481
weeps,596650
weigh,6396153
weird,3856532
weirs,418076
weise,521247
welch,2495454
welds,791897
wells,16091647
welsh,7152705
welts,170179
wench,573430
wends,127982
whack,447898
whale,5373064
wharf,2747054
whats,134944
wheal,256640
wheat,23025222
wheel,20912342
whelp,153045
where,671644491
which,3140226612
whiff,654884
whigs,3779292
while,483440546
whims,1120213
whine,833878
whips,1088148
whirl,1359052
whirr,155187
whisk,812290
whist,574637
white,223783182
whole,264397495
whoop,523580
whore,1803057
whorl,669367
whose,196188708
whoso,569434
wicca,148430
wicks,448069
widen,1838102
wider,20334452
widow,13491541
width,21237777
wield,1403645
wigan,308365
wight,1564377
wilds,1012055
wiles,857619
wills,6455515
willy,2153797
wilts,400885
wince,411327
winch,1108723
winds,14864425
windy,1675909
wines,5037043
wings,18473011
winks,370894
wiped,5606525
wiper,290014
wipes,548474
wired,2515037
wires,8506343
wiser,3767104
wisps,483492
wispy,271841
witan,130247
witch,5921628
witty,3028230
wives,18575584
woful,154040
woken,500103
wolds,131143
wolfs,207165
woman,168921413
wombs,174016
women,311778830
woods,23325264
woody,3186683
wooed,494342
wooer,102853
wools,323072
wooly,113862
words,227368818
wordy,399507
works,134992496
world,505870068
worms,5789540
wormy,101319
worry,18046137
worse,36048597
worst,24541922
worth,61649677
worts,113191
would,1472811049
wound,21182818
woven,5796062
wrack,195203
wraps,1132350
wrapt,379466
wrath,7417354
wreak,546524
wreck,4379629
wrens,258403
wrest,916375
wring,693693
wrist,6758356
write,87398762
writs,1607305
wrong,68462528
wrote,101295092
wroth,394081
wrung,1255043
wryly,665489
wythe,287159
xenia,228606
xenon,582945
xerox,1137991
xviii,7102035
xylem,798393
xylol,148765
yacht,3021626
yager,136262
yahoo,379034
yajna,182286
yamen,290997
yanks,364151
yards,20181722
yarns,1461550
yarra,155799
yates,1909821
yatra,128104
yawns,254498
yearn,740064
years,563247544
yeast,6014488
yells,1083382
yelps,104462
yerba,263444
yield,37765055
yogic,380824
yogin,169875
yogis,285562
yoked,445837
yokes,297093
yolks,687317
yorks,304486
young,233692423
yours,19274997
youse,101019
youth,51315735
yucca,502181
yummy,123548
zaire,1401930
zakat,274615
zaman,217290
zante,122183
zazen,144575
zebra,973692
zeros,1485853
zilla,210253
zines,102310
zloty,104655
zonal,1087426
zoned,462782
zones,13438884
zooms,136875
zorro,117384
zulus,511647
